{
  "name": "photos/everest.jpg",
  "bucket": "twenty4-f9f8e.appspot.com",
  "metageneration": 2,
  "generation": 1682959579775,
  "contentType": "application/octet-stream",
  "storageClass": "STANDARD",
  "contentDisposition": "inline",
  "downloadTokens": [
    "9e37a5fa-30d9-441a-a80f-1f399c1186a2"
  ],
  "etag": "kFtv3ohkqm4U1pMegpPgMAGaIOQ",
  "customMetadata": {},
  "timeCreated": "2023-05-01T16:46:19.775Z",
  "updated": "2023-05-01T16:46:19.821Z",
  "size": 427124,
  "md5Hash": "ka0soKvnHg6gcQTX/EHQYQ==",
  "crc32c": "3169898207"
}