{
  "name": "photos/ymqbrvD.jpeg",
  "bucket": "twenty4-f9f8e.appspot.com",
  "metageneration": 2,
  "generation": 1682959930840,
  "contentType": "application/octet-stream",
  "storageClass": "STANDARD",
  "contentDisposition": "inline",
  "downloadTokens": [
    "fc1c8f21-f17f-4ada-bcbf-4aa94aefd30a"
  ],
  "etag": "tdq+TfehQ39hMUVdV1XxGZlJqh8",
  "customMetadata": {},
  "timeCreated": "2023-05-01T16:52:10.840Z",
  "updated": "2023-05-01T16:52:10.885Z",
  "size": 904281,
  "md5Hash": "4IKa3t0xC33NLuXkajkDGg==",
  "crc32c": "3626650029"
}