{
  "name": "photos/PandaCaneCop.png",
  "bucket": "twenty4-f9f8e.appspot.com",
  "metageneration": 2,
  "generation": 1682858182839,
  "contentType": "application/octet-stream",
  "storageClass": "STANDARD",
  "contentDisposition": "inline",
  "downloadTokens": [
    "de15d489-4694-4677-b5d2-0773775ab8f1"
  ],
  "etag": "pRBHDN7JLY/zGZqZdPSc3zYQsa8",
  "customMetadata": {},
  "timeCreated": "2023-04-30T12:36:22.839Z",
  "updated": "2023-04-30T12:36:22.845Z",
  "size": 24316,
  "md5Hash": "AMDq7BuEVhlTXINBuC4IAg==",
  "crc32c": "3673632882"
}