{
  "name": "photos/sunsetApartmentBuilding.jpg",
  "bucket": "twenty4-f9f8e.appspot.com",
  "metageneration": 2,
  "generation": 1682959992723,
  "contentType": "application/octet-stream",
  "storageClass": "STANDARD",
  "contentDisposition": "inline",
  "downloadTokens": [
    "957334c1-2fd1-45c5-9d23-43bce71e3306"
  ],
  "etag": "kYWvsilogBZoDY7o98r4OPes5II",
  "customMetadata": {},
  "timeCreated": "2023-05-01T16:53:12.723Z",
  "updated": "2023-05-01T16:53:12.782Z",
  "size": 493080,
  "md5Hash": "yPZZ0br6O6E5ECZjCG+6Ag==",
  "crc32c": "717933155"
}