{
  "name": "photos/Untitled design.png",
  "bucket": "twenty4-f9f8e.appspot.com",
  "metageneration": 2,
  "generation": 1682858610352,
  "contentType": "application/octet-stream",
  "storageClass": "STANDARD",
  "contentDisposition": "inline",
  "downloadTokens": [
    "acb24f34-c99c-479c-af57-c73eef6c3e2d"
  ],
  "etag": "kXWDJYl3JKvYiQvv95DMN+Z6mEc",
  "customMetadata": {},
  "timeCreated": "2023-04-30T12:43:30.352Z",
  "updated": "2023-04-30T12:43:30.362Z",
  "size": 99564,
  "md5Hash": "4drqI3B7DjvBMVXtYZBIHQ==",
  "crc32c": "1135390057"
}