{
  "name": "photos/ukc4vt4zx7n21.jpg",
  "bucket": "twenty4-f9f8e.appspot.com",
  "metageneration": 2,
  "generation": 1682959857274,
  "contentType": "application/octet-stream",
  "storageClass": "STANDARD",
  "contentDisposition": "inline",
  "downloadTokens": [
    "c6efd744-2c75-4710-9b59-f00934a9c348"
  ],
  "etag": "/NxCl46Jk7vTyQYu+JrY2R81kLg",
  "customMetadata": {},
  "timeCreated": "2023-05-01T16:50:57.274Z",
  "updated": "2023-05-01T16:50:57.334Z",
  "size": 658390,
  "md5Hash": "xfqwcAGhR6J2oMGqVIMazA==",
  "crc32c": "3309680851"
}