{
  "name": "photos/theNeonShallows-edit.png",
  "bucket": "twenty4-f9f8e.appspot.com",
  "metageneration": 2,
  "generation": 1682959504891,
  "contentType": "application/octet-stream",
  "storageClass": "STANDARD",
  "contentDisposition": "inline",
  "downloadTokens": [
    "bbd6fe69-bfde-4461-bc3a-a09adabdf163"
  ],
  "etag": "F+TW298Zzl8x1rF2dew+YgmFh6A",
  "customMetadata": {},
  "timeCreated": "2023-05-01T16:45:04.892Z",
  "updated": "2023-05-01T16:45:05.105Z",
  "size": 1045930,
  "md5Hash": "5GOd9fjiNHCs0GtxiYl1Cg==",
  "crc32c": "2541528451"
}