{
  "name": "photos/wallhaven-zyxvqy.jpg",
  "bucket": "twenty4-f9f8e.appspot.com",
  "metageneration": 2,
  "generation": 1682959792042,
  "contentType": "application/octet-stream",
  "storageClass": "STANDARD",
  "contentDisposition": "inline",
  "downloadTokens": [
    "66f2daa7-c9b2-425c-9ba5-820d0a1f072b"
  ],
  "etag": "DxEaE57UFzm1C9t2lo1XSKBkSnU",
  "customMetadata": {},
  "timeCreated": "2023-05-01T16:49:52.042Z",
  "updated": "2023-05-01T16:49:52.090Z",
  "size": 2643212,
  "md5Hash": "T46+KK1X9a5R0E4Dnsq+LA==",
  "crc32c": "2938527558"
}