{
  "name": "photos/PandaCoolJuice.png",
  "bucket": "twenty4-f9f8e.appspot.com",
  "metageneration": 2,
  "generation": 1682857900583,
  "contentType": "application/octet-stream",
  "storageClass": "STANDARD",
  "contentDisposition": "inline",
  "downloadTokens": [
    "53bd18b4-eef1-41cd-9df8-98ec1613b6b2"
  ],
  "etag": "Om39p+iFuWEQ1/hgUVUftdQvXjA",
  "customMetadata": {},
  "timeCreated": "2023-04-30T12:31:40.584Z",
  "updated": "2023-04-30T12:31:40.740Z",
  "size": 9738,
  "md5Hash": "PBJp+1sHKgZX3aNnpBylKA==",
  "crc32c": "1729535800"
}