{"kind":"identitytoolkit#DownloadAccountResponse","users":[{"localId":"HkRYuH6BQH236ZQja74LmWiQcqS9","createdAt":"1682858985415","lastLoginAt":"1682959870035","passwordHash":"fakeHash:salt=fakeSalt9qkuFsMz9Hd0h29bZ4XI:password=test69","salt":"fakeSalt9qkuFsMz9Hd0h29bZ4XI","passwordUpdatedAt":1682955871769,"providerUserInfo":[{"providerId":"password","email":"lukas@gmail.com","federatedId":"lukas@gmail.com","rawId":"lukas@gmail.com"}],"validSince":"1682955871","email":"lukas@gmail.com","emailVerified":false,"disabled":false,"lastRefreshAt":"2023-05-01T16:51:10.035Z"},{"localId":"T4mNBTfG68SehHxc4ZK2twDfqjGz","createdAt":"1682858570621","lastLoginAt":"1682959817326","passwordHash":"fakeHash:salt=fakeSaltzRTv6dox6GpVjpzTTgCQ:password=test69","salt":"fakeSaltzRTv6dox6GpVjpzTTgCQ","passwordUpdatedAt":1682955871770,"providerUserInfo":[{"providerId":"password","email":"rob@gmail.com","federatedId":"rob@gmail.com","rawId":"rob@gmail.com"}],"validSince":"1682955871","email":"rob@gmail.com","emailVerified":false,"disabled":false,"lastRefreshAt":"2023-05-01T16:50:17.326Z"},{"localId":"TOIkvgRHCalCh3sF2BZ9KIuRqm4Q","createdAt":"1682858389058","lastLoginAt":"1682959940091","passwordHash":"fakeHash:salt=fakeSalt9tvytGPsFsvzuJiydbTq:password=test69","salt":"fakeSalt9tvytGPsFsvzuJiydbTq","passwordUpdatedAt":1682955871770,"providerUserInfo":[{"providerId":"password","email":"conrad@gmail.com","federatedId":"conrad@gmail.com","rawId":"conrad@gmail.com"}],"validSince":"1682955871","email":"conrad@gmail.com","emailVerified":false,"disabled":false,"lastRefreshAt":"2023-05-01T16:52:20.091Z"},{"localId":"aUs7BU41DfuA2fmi23buTsEtAigW","createdAt":"1682858136889","lastLoginAt":"1682959532655","passwordHash":"fakeHash:salt=fakeSaltDnrdLyyJY8cHzDOcPXPC:password=test69","salt":"fakeSaltDnrdLyyJY8cHzDOcPXPC","passwordUpdatedAt":1682955871770,"providerUserInfo":[{"providerId":"password","email":"dino@gmail.com","federatedId":"dino@gmail.com","rawId":"dino@gmail.com"}],"validSince":"1682955871","email":"dino@gmail.com","emailVerified":false,"disabled":false,"lastRefreshAt":"2023-05-01T16:45:32.655Z"},{"localId":"sgvKICjleNt9dX6mLARmRdLQcpXn","createdAt":"1682858777305","lastLoginAt":"1682959725754","passwordHash":"fakeHash:salt=fakeSaltfBwuxYN6dIg0USZRALDH:password=test69","salt":"fakeSaltfBwuxYN6dIg0USZRALDH","passwordUpdatedAt":1682955871770,"providerUserInfo":[{"providerId":"password","email":"ruan@gmail.com","federatedId":"ruan@gmail.com","rawId":"ruan@gmail.com"}],"validSince":"1682955871","email":"ruan@gmail.com","emailVerified":false,"disabled":false,"lastRefreshAt":"2023-05-01T16:48:45.754Z"},{"localId":"yNqv3WoJa4E2Mwuyi9jID0NsetlV","createdAt":"1682857827564","lastLoginAt":"1682956041471","passwordHash":"fakeHash:salt=fakeSaltsD7Oe24m0weHHAxOhpGL:password=test69","salt":"fakeSaltsD7Oe24m0weHHAxOhpGL","passwordUpdatedAt":1682955871770,"providerUserInfo":[{"providerId":"password","email":"jake@gmail.com","federatedId":"jake@gmail.com","rawId":"jake@gmail.com"}],"validSince":"1682955871","email":"jake@gmail.com","emailVerified":false,"disabled":false,"lastRefreshAt":"2023-05-01T16:42:23.058Z"}]}