{
  "name": "photos/wallhaven-zyxvqy.jpg",
  "bucket": "twenty4-f9f8e.appspot.com",
  "metageneration": 2,
  "generation": 1682858904637,
  "contentType": "application/octet-stream",
  "storageClass": "STANDARD",
  "contentDisposition": "inline",
  "downloadTokens": [
    "3c83894b-660c-42d0-a830-7f51e90fc75f"
  ],
  "etag": "bsie/a3FHiQf8FpYxOOSkZtFuNM",
  "customMetadata": {},
  "timeCreated": "2023-04-30T12:48:24.637Z",
  "updated": "2023-04-30T12:48:24.661Z",
  "size": 2643212,
  "md5Hash": "T46+KK1X9a5R0E4Dnsq+LA==",
  "crc32c": "2938527558"
}