{
  "name": "photos/theNeonShallows-edit.png",
  "bucket": "twenty4-f9f8e.appspot.com",
  "metageneration": 2,
  "generation": 1682858058355,
  "contentType": "application/octet-stream",
  "storageClass": "STANDARD",
  "contentDisposition": "inline",
  "downloadTokens": [
    "b341468f-f54b-4c92-baee-cd6c51d32350"
  ],
  "etag": "Vx9nnDbJb/SnrFFUCS8GMoVMLEE",
  "customMetadata": {},
  "timeCreated": "2023-04-30T12:34:18.355Z",
  "updated": "2023-04-30T12:34:18.379Z",
  "size": 1045930,
  "md5Hash": "5GOd9fjiNHCs0GtxiYl1Cg==",
  "crc32c": "2541528451"
}