{
  "name": "photos/ukc4vt4zx7n21.jpg",
  "bucket": "twenty4-f9f8e.appspot.com",
  "metageneration": 2,
  "generation": 1682858672660,
  "contentType": "application/octet-stream",
  "storageClass": "STANDARD",
  "contentDisposition": "inline",
  "downloadTokens": [
    "ffd34b2d-a428-49f8-8b7d-803c76fb1818"
  ],
  "etag": "zpb+3RJxYq1B56tTOpRShQEAQb0",
  "customMetadata": {},
  "timeCreated": "2023-04-30T12:44:32.660Z",
  "updated": "2023-04-30T12:44:32.674Z",
  "size": 658390,
  "md5Hash": "xfqwcAGhR6J2oMGqVIMazA==",
  "crc32c": "3309680851"
}