{
  "name": "photos/sunsetApartmentBuilding.jpg",
  "bucket": "twenty4-f9f8e.appspot.com",
  "metageneration": 2,
  "generation": 1682858498903,
  "contentType": "application/octet-stream",
  "storageClass": "STANDARD",
  "contentDisposition": "inline",
  "downloadTokens": [
    "15966e6d-299c-45cc-aeda-de0333374829"
  ],
  "etag": "kdAfOJZvDF5ZDm84LCpewRX8aDs",
  "customMetadata": {},
  "timeCreated": "2023-04-30T12:41:38.903Z",
  "updated": "2023-04-30T12:41:38.930Z",
  "size": 493080,
  "md5Hash": "yPZZ0br6O6E5ECZjCG+6Ag==",
  "crc32c": "717933155"
}