{
  "name": "photos/PandaCorn.png",
  "bucket": "twenty4-f9f8e.appspot.com",
  "metageneration": 2,
  "generation": 1682858827299,
  "contentType": "application/octet-stream",
  "storageClass": "STANDARD",
  "contentDisposition": "inline",
  "downloadTokens": [
    "9fd55159-77cf-4aca-be7b-73674d4d3419"
  ],
  "etag": "ELoc9kcwGXOxegNhwMOr5TTtXGA",
  "customMetadata": {},
  "timeCreated": "2023-04-30T12:47:07.299Z",
  "updated": "2023-04-30T12:47:07.304Z",
  "size": 14611,
  "md5Hash": "XOkHyarFuJpwI4VCNi6PXw==",
  "crc32c": "3616205279"
}