{
  "name": "photos/ymqbrvD.jpeg",
  "bucket": "twenty4-f9f8e.appspot.com",
  "metageneration": 2,
  "generation": 1682859349836,
  "contentType": "application/octet-stream",
  "storageClass": "STANDARD",
  "contentDisposition": "inline",
  "downloadTokens": [
    "835d20f1-7229-459d-8595-40d08adece64"
  ],
  "etag": "KgDOAQpCeYzZFpqTHFklsFhkixE",
  "customMetadata": {},
  "timeCreated": "2023-04-30T12:55:49.836Z",
  "updated": "2023-04-30T12:55:49.867Z",
  "size": 904281,
  "md5Hash": "4IKa3t0xC33NLuXkajkDGg==",
  "crc32c": "3626650029"
}