{
  "name": "photos/everest.jpg",
  "bucket": "twenty4-f9f8e.appspot.com",
  "metageneration": 2,
  "generation": 1682858295780,
  "contentType": "application/octet-stream",
  "storageClass": "STANDARD",
  "contentDisposition": "inline",
  "downloadTokens": [
    "b9d1e2a0-d6e8-4cff-b093-6f8cacf59e71"
  ],
  "etag": "eywiUspmmPi8EMKleKdmc0kN4Vs",
  "customMetadata": {},
  "timeCreated": "2023-04-30T12:38:15.780Z",
  "updated": "2023-04-30T12:38:15.792Z",
  "size": 427124,
  "md5Hash": "ka0soKvnHg6gcQTX/EHQYQ==",
  "crc32c": "3169898207"
}