{
  "name": "photos/PandaCookie.png",
  "bucket": "twenty4-f9f8e.appspot.com",
  "metageneration": 2,
  "generation": 1682859061424,
  "contentType": "application/octet-stream",
  "storageClass": "STANDARD",
  "contentDisposition": "inline",
  "downloadTokens": [
    "03bafef5-12fc-4e6e-8c0a-f277943753e7"
  ],
  "etag": "d89xbs++OyDHgV+D5Dv/mCK6f+g",
  "customMetadata": {},
  "timeCreated": "2023-04-30T12:51:01.425Z",
  "updated": "2023-04-30T12:51:01.431Z",
  "size": 15114,
  "md5Hash": "dWOxkfI5hzwAfHRBul6Ccw==",
  "crc32c": "1515480372"
}