{
  "name": "photos/PandaDuck.png",
  "bucket": "twenty4-f9f8e.appspot.com",
  "metageneration": 2,
  "generation": 1682858435884,
  "contentType": "application/octet-stream",
  "storageClass": "STANDARD",
  "contentDisposition": "inline",
  "downloadTokens": [
    "86acf131-b9b2-418f-b4fa-2c3532b5c264"
  ],
  "etag": "KZPM83ic+oWPJik8oDqqU0EFLFs",
  "customMetadata": {},
  "timeCreated": "2023-04-30T12:40:35.884Z",
  "updated": "2023-04-30T12:40:35.897Z",
  "size": 12484,
  "md5Hash": "U/FocW3oGWjv3pk4kChLJw==",
  "crc32c": "2787410842"
}