{"kind":"identitytoolkit#DownloadAccountResponse","users":[{"localId":"HkRYuH6BQH236ZQja74LmWiQcqS9","lastLoginAt":"1682858985415","emailVerified":false,"email":"lukas@gmail.com","salt":"fakeSalt9qkuFsMz9Hd0h29bZ4XI","passwordHash":"fakeHash:salt=fakeSalt9qkuFsMz9Hd0h29bZ4XI:password=test69","passwordUpdatedAt":1682858985415,"validSince":"1682858985","createdAt":"1682858985415","providerUserInfo":[{"providerId":"password","email":"lukas@gmail.com","federatedId":"lukas@gmail.com","rawId":"lukas@gmail.com"}],"lastRefreshAt":"2023-04-30T12:49:45.416Z"},{"localId":"T4mNBTfG68SehHxc4ZK2twDfqjGz","lastLoginAt":"1682858570621","emailVerified":false,"email":"rob@gmail.com","salt":"fakeSaltzRTv6dox6GpVjpzTTgCQ","passwordHash":"fakeHash:salt=fakeSaltzRTv6dox6GpVjpzTTgCQ:password=test69","passwordUpdatedAt":1682858570621,"validSince":"1682858570","createdAt":"1682858570621","providerUserInfo":[{"providerId":"password","email":"rob@gmail.com","federatedId":"rob@gmail.com","rawId":"rob@gmail.com"}],"lastRefreshAt":"2023-04-30T12:42:50.622Z"},{"localId":"TOIkvgRHCalCh3sF2BZ9KIuRqm4Q","lastLoginAt":"1682858389058","emailVerified":false,"email":"conrad@gmail.com","salt":"fakeSalt9tvytGPsFsvzuJiydbTq","passwordHash":"fakeHash:salt=fakeSalt9tvytGPsFsvzuJiydbTq:password=test69","passwordUpdatedAt":1682858389058,"validSince":"1682858389","createdAt":"1682858389058","providerUserInfo":[{"providerId":"password","email":"conrad@gmail.com","federatedId":"conrad@gmail.com","rawId":"conrad@gmail.com"}],"lastRefreshAt":"2023-04-30T12:39:49.059Z"},{"localId":"aUs7BU41DfuA2fmi23buTsEtAigW","lastLoginAt":"1682858136889","emailVerified":false,"email":"dino@gmail.com","salt":"fakeSaltDnrdLyyJY8cHzDOcPXPC","passwordHash":"fakeHash:salt=fakeSaltDnrdLyyJY8cHzDOcPXPC:password=test69","passwordUpdatedAt":1682858136889,"validSince":"1682858136","createdAt":"1682858136889","providerUserInfo":[{"providerId":"password","email":"dino@gmail.com","federatedId":"dino@gmail.com","rawId":"dino@gmail.com"}],"lastRefreshAt":"2023-04-30T12:35:36.890Z"},{"localId":"sgvKICjleNt9dX6mLARmRdLQcpXn","lastLoginAt":"1682858777305","emailVerified":false,"email":"ruan@gmail.com","salt":"fakeSaltfBwuxYN6dIg0USZRALDH","passwordHash":"fakeHash:salt=fakeSaltfBwuxYN6dIg0USZRALDH:password=test69","passwordUpdatedAt":1682858777305,"validSince":"1682858777","createdAt":"1682858777305","providerUserInfo":[{"providerId":"password","email":"ruan@gmail.com","federatedId":"ruan@gmail.com","rawId":"ruan@gmail.com"}],"lastRefreshAt":"2023-04-30T12:46:17.306Z"},{"localId":"yNqv3WoJa4E2Mwuyi9jID0NsetlV","lastLoginAt":"1682857827564","emailVerified":false,"email":"jake@gmail.com","salt":"fakeSaltsD7Oe24m0weHHAxOhpGL","passwordHash":"fakeHash:salt=fakeSaltsD7Oe24m0weHHAxOhpGL:password=test69","passwordUpdatedAt":1682857827565,"validSince":"1682857827","createdAt":"1682857827564","providerUserInfo":[{"providerId":"password","email":"jake@gmail.com","federatedId":"jake@gmail.com","rawId":"jake@gmail.com"}],"lastRefreshAt":"2023-04-30T12:30:27.567Z"}]}